{
  "Created": "2026-03-11T14:31:28.5405151-04:00",
  "Indoor": {
    "TemperatureF": 109.38562966013208,
    "TemperatureC": 42.99201647785115,
    "Humidity": 86.04721654090021
  },
  "Outdoor": {
    "TemperatureF": 82.544,
    "TemperatureC": 28.08,
    "Humidity": 49,
    "Description": "overcast clouds"
  },
  "IndoorTempChange": 2.5899032902354406
}