{
  "Created": "2026-03-11T14:30:58.5088418-04:00",
  "Indoor": {
    "TemperatureF": 104.26694361331668,
    "TemperatureC": 40.14830200739816,
    "Humidity": 5.226060958117729
  },
  "Outdoor": {
    "TemperatureF": 82.544,
    "TemperatureC": 28.08,
    "Humidity": 49,
    "Description": "overcast clouds"
  },
  "IndoorTempChange": 12.28927416687469
}