{
  "Created": "2026-03-11T14:31:38.5676826-04:00",
  "Indoor": {
    "TemperatureF": 54.44497875038019,
    "TemperatureC": 12.469432639100102,
    "Humidity": 54.70317996916171
  },
  "Outdoor": {
    "TemperatureF": 82.544,
    "TemperatureC": 28.08,
    "Humidity": 49,
    "Description": "overcast clouds"
  },
  "IndoorTempChange": -54.940650909751895
}